"","habitat","mean_ppm","median_ppm","n"
"1","Benthic",0.082928125,0.04738,16
"2","Demersal",0.118471621621622,0.1,37
"3","Pelagic",0.104702272727273,0.0764,22
