"","trophic_level","mean_ppm","median_ppm","n"
"1","MP",0.143137619047619,0.105,42
"2","P",0.0481231034482759,0.04419,29
"3","TP",0.1516,0.1678,4
